Invoice Number,Invoice date,Invoice Value,Place Of Supply,Applicable % of Tax Rate,Rate,Taxable Value,Cess Amount,E-Commerce GSTIN
10001,14-Jul-17,250000.01,37-Andhra Pradesh,65.00,5.00,345600.00,20756.00,12AJIPA1572E1C7
10002,14-Jul-17,250000.01,37-Andhra Pradesh,,0.00,255000.00,20756.00,
10003,14-Jul-17,250000.01,32-Kerala,,12.00,255000.00,20756.00,
10004,14-Jul-17,250000.01,37-Andhra Pradesh,65.00,5.00,265000.00,20756.00,
10005,14-Jul-17,250901.00,04-Chandigarh,,5.00,250000.00,20756.00,12AJIPA1572E1C7
10005,14-Jul-17,250901.00,04-Chandigarh,65.00,28.00,251000.00,20756.00,12AJIPA1572E1C7
