Export Type,Invoice Number,Invoice date,Invoice Value,Port Code,Shipping Bill Number,Shipping Bill Date,Rate,Taxable Value,Cess Amount
WOPAY,81510,14-Jul-17,80048.36,INB995,184298,15-Jul-17,5.00,78788.00,100.00
WOPAY,81511,14-Jul-17,50990.00,INB996,184299,15-Jul-17,12.00,44545.00,
WPAY,81512,14-Jul-17,50048.36,INB997,184300,15-Jul-17,12.00,48644.00,
WPAY,81519,14-Jul-17,55048.00,INB995,184301,15-Jul-17,5.00,0.00,
WPAY,81520,14-Jul-17,59000.00,INB996,184302,15-Jul-17,5.00,54548.00,
WPAY,81521,14-Jul-17,110000.00,INB997,184303,15-Jul-17,18.00,55567.00,
WPAY,81521,14-Jul-17,110000.00,INB997,184303,15-Jul-17,5.00,50567.00,
