Export Type,Original Invoice Number,Original Invoice date,Revised Invoice Number,Revised Invoice date,Invoice Value,Port Code,Shipping Bill Number,Shipping Bill Date,Rate,Taxable Value,Cess Amount
WOPAY,81510,14-Jul-17,91510,14-Aug-17,80048.36,INB995,184298,15-Sep-17,5.00,78788.00,
WOPAY,81511,14-Jul-17,91511,15-Aug-17,50990.00,INB996,184299,16-Sep-17,12.00,44545.00,199.00
WPAY,81512,14-Jul-17,91512,16-Aug-17,50048.36,INB997,184300,17-Sep-17,12.00,48644.00,
WPAY,81519,14-Jul-17,91513,17-Aug-17,55048.00,INB995,184301,18-Sep-17,5.00,0.00,
WPAY,81520,14-Jul-17,91514,18-Aug-17,59000.00,INB996,184302,19-Sep-17,5.00,54548.00,
WPAY,81521,14-Jul-17,91515,19-Aug-17,110000.00,INB997,184303,20-Sep-17,18.00,55567.00,
WPAY,81521,14-Jul-17,91516,20-Aug-17,110000.00,INB997,184303,21-Sep-17,5.00,50567.00,
